date,brent
2008-01-01,92.09173913043478
2008-02-01,94.72238095238095
2008-03-01,103.16190476190480
2008-04-01,110.03318181818180
2008-05-01,123.86227272727270
2008-06-01,132.76047619047620
2008-07-01,133.58521739130430
2008-08-01,113.80047619047620
2008-09-01,98.75545454545455
2008-10-01,71.96347826086957
2008-11-01,52.71350000000000
2008-12-01,40.51173913043478
2009-01-01,43.17454545454545
2009-02-01,42.91050000000000
2009-03-01,46.58272727272727
2009-04-01,50.51909090909091
2009-05-01,57.50142857142857
2009-06-01,68.58000000000000
2009-07-01,64.90434782608696
2009-08-01,72.59190476190476
2009-09-01,67.51318181818182
2009-10-01,72.96863636363636
2009-11-01,76.93666666666667
2009-12-01,74.78956521739130
2010-01-01,76.60238095238095
2010-02-01,73.90300000000000
2010-03-01,79.51913043478261
2010-04-01,85.15636363636364
2010-05-01,76.13238095238095
2010-06-01,75.24636363636364
2010-07-01,75.19500000000000
2010-08-01,76.89181818181818
2010-09-01,77.93818181818182
2010-10-01,83.33857142857143
2010-11-01,85.80090909090909
2010-12-01,91.96000000000000
2011-01-01,96.95238095238095
2011-02-01,104.23850000000000
2011-03-01,114.91739130434780
2011-04-01,123.32571428571430
2011-05-01,114.92954545454550
2011-06-01,114.37045454545450
2011-07-01,117.48333333333330
2011-08-01,110.35478260869570
2011-09-01,111.96272727272730
2011-10-01,110.42952380952380
2011-11-01,111.15863636363640
2011-12-01,108.34772727272730
2012-01-01,111.41500000000000
2012-02-01,119.16571428571430
2012-03-01,124.70318181818180
2012-04-01,120.47000000000000
2012-05-01,110.82217391304350
2012-06-01,95.88904761904762
2012-07-01,102.97954545454550
2012-08-01,113.78043478260870
2012-09-01,113.64150000000000
2012-10-01,111.79260869565220
2012-11-01,109.91181818181820
2012-12-01,109.56904761904760
2013-01-01,112.52782608695650
2013-02-01,116.48800000000000
2013-03-01,109.58571428571430
2013-04-01,102.96000000000000
2013-05-01,102.98043478260870
2013-06-01,103.35850000000000
2013-07-01,107.77956521739130
2013-08-01,111.05818181818180
2013-09-01,111.96285714285710
2013-10-01,109.61869565217390
2013-11-01,108.15047619047620
2013-12-01,111.07045454545450
2014-01-01,107.92695652173910
2014-02-01,108.83800000000000
2014-03-01,107.86809523809520
2014-04-01,108.00363636363640
2014-05-01,109.83227272727270
2014-06-01,112.24095238095240
2014-07-01,107.46260869565220
2014-08-01,102.40190476190480
2014-09-01,97.85272727272727
2014-10-01,87.58478260869565
2014-11-01,79.22950000000000
2014-12-01,62.90391304347826
2015-01-01,48.93318181818182
2015-02-01,58.25400000000000
2015-03-01,56.52454545454545
2015-04-01,59.82636363636364
2015-05-01,65.19380952380952
2015-06-01,62.62000000000000
2015-07-01,56.82956521739130
2015-08-01,47.53380952380952
2015-09-01,48.03045454545455
2015-10-01,48.90636363636364
2015-11-01,45.09523809523810
2015-12-01,38.52521739130435
2016-01-01,32.04523809523810
2016-02-01,33.76238095238095
2016-03-01,39.79217391304348
2016-04-01,43.33047619047619
2016-05-01,47.73500000000000
2016-06-01,49.87727272727273
2016-07-01,46.59857142857143
2016-08-01,47.05217391304348
2016-09-01,47.37681818181818
2016-10-01,51.41380952380952
2016-11-01,46.94227272727273
2016-12-01,55.02272727272727
2017-01-01,55.71090909090909
2017-02-01,56.09600000000000
2017-03-01,52.65521739130435
2017-04-01,53.97800000000000
2017-05-01,51.37434782608696
2017-06-01,47.65272727272727
2017-07-01,49.25333333333333
2017-08-01,51.92782608695652
2017-09-01,55.55761904761905
2017-10-01,57.53636363636364
2017-11-01,62.83636363636364
2017-12-01,64.06428571428571
2018-01-01,68.88913043478261
2018-02-01,65.69650000000000
2018-03-01,66.89181818181818
2018-04-01,71.93285714285714
2018-05-01,76.93434782608696
2018-06-01,75.80285714285714
2018-07-01,75.22909090909091
2018-08-01,73.85130434782609
2018-09-01,79.16300000000000
2018-10-01,80.78347826086957
2018-11-01,66.22863636363636
2018-12-01,57.94809523809524
2019-01-01,59.94478260869565
2019-02-01,64.38400000000000
2019-03-01,66.94190476190476
2019-04-01,71.47590909090909
2019-05-01,70.38913043478261
2019-06-01,63.20850000000000
2019-07-01,64.32217391304348
2019-08-01,59.61818181818182
2019-09-01,62.43095238095238
2019-10-01,59.63130434782609
2019-11-01,62.68666666666667
2019-12-01,65.34818181818182
2020-01-01,63.89869565217391
2020-02-01,55.69100000000000
2020-03-01,33.94727272727273
2020-04-01,26.84863636363636
2020-05-01,32.42238095238095
2020-06-01,40.86045454545455
2020-07-01,43.29565217391304
2020-08-01,45.08142857142857
2020-09-01,41.92681818181818
2020-10-01,41.60681818181818
2020-11-01,44.05000000000000
2020-12-01,50.37695652173913
2021-01-01,55.22476190476190
2021-02-01,62.36250000000000
2021-03-01,65.79608695652174
2021-04-01,65.53181818181818
2021-05-01,68.37523809523810
2021-06-01,73.51272727272727
2021-07-01,74.40318181818182
2021-08-01,70.58818181818182
2021-09-01,74.74954545454545
2021-10-01,83.86523809523810
2021-11-01,80.89045454545455
2021-12-01,74.67826086956522
2022-01-01,85.62238095238095
2022-02-01,94.26700000000000
2022-03-01,112.44000000000000
2022-04-01,106.15571428571430
2022-05-01,112.11363636363640
2022-06-01,117.69272727272730
2022-07-01,105.25285714285710
2022-08-01,97.64304347826087
2022-09-01,90.60818181818182
2022-10-01,93.71857142857143
2022-11-01,90.93863636363636
2022-12-01,81.50318181818182
2023-01-01,84.08181818181818
2023-02-01,83.63250000000000
2023-03-01,79.25652173913043
2023-04-01,83.53600000000000
2023-05-01,75.74739130434783
2023-06-01,74.97500000000000
2023-07-01,80.10904761904762
2023-08-01,85.16826086956522
2023-09-01,92.67333333333333
2023-10-01,88.94772727272727
2023-11-01,82.18636363636364
2023-12-01,77.54095238095238
2024-01-01,79.11000000000000
2024-02-01,81.79571428571430
2024-03-01,84.96142857142857
2024-04-01,88.97454545454545
2024-05-01,83.05391304347826
2024-06-01,82.91750000000000
2024-07-01,84.04869565217390
2024-08-01,79.01863636363636
2024-09-01,73.05761904761905
2024-10-01,75.26652173913043
2024-11-01,73.50857142857143
2024-12-01,73.22772727272727
